country,win_ratio,effective_win_by_runs,effective_win_by_wickets,matches_played,weighted_win_count,score,rank,country_quantile
India,0.6923076923076923,577,57,26,54.666666666666664,10.000000000000002,1,4
England,0.7058823529411765,455,31,17,37.666666666666664,6.01257888877769,2,4
Australia,0.6818181818181818,548,20,22,9.416666666666668,5.733785300533979,3,3
New Zealand,0.631578947368421,292,40,19,16.0,5.037804547619273,4,3
South Africa,0.5882352941176471,248,35,17,14.0,3.9974057455309326,5,2
Pakistan,0.34782608695652173,211,24,23,3.4166666666666665,3.230412190220177,6,2
Sri Lanka,0.2631578947368421,215,7,19,4.5,1.40868037517639,7,1
Bangladesh,0.3125,21,25,16,13.5,1.3690125319837714,8,1
West Indies,0.21052631578947367,26,22,19,1.75,1.0,9,1
