country,win_ratio,effective_win_by_runs,effective_win_by_wickets,matches_played,win_count,score,rank,country_quantile
India,0.8125,292,67,16,13,3.583835650141469,1,4
England,0.7894736842105263,398,28,19,15,3.5471523383238153,2,4
Bangladesh,0.5384615384615384,321,-11,13,7,2.1130395206085986,3,3
New Zealand,0.6,241,-6,10,6,1.8753317804171181,4,3
South Africa,0.4166666666666667,-264,-8,12,5,1.0856220328916648,5,2
Sri Lanka,0.3333333333333333,-121,-6,9,3,0.9066927514262623,6,2
West Indies,0.3,-244,-26,10,3,0.5676220937384673,7,1
Australia,0.15384615384615385,-341,-22,13,2,0.5395142491916687,8,1
Pakistan,0.125,-282,-16,8,1,0.18736450012367772,9,1
