country,win_ratio,effective_win_by_runs,effective_win_by_wickets,matches_played,win_count,score,rank,country_quantile
India,0.6363636363636364,279,23,22,14,10.0,1,4
Australia,0.6818181818181818,494,-7,22,15,9.514543303071655,2,4
England,0.7058823529411765,331,24,17,12,8.740231388818927,3,3
New Zealand,0.6666666666666666,-38,27,18,12,7.917187883733256,4,3
Pakistan,0.38095238095238093,11,-20,21,8,5.04858455082015,5,2
South Africa,0.5,-51,12,14,7,4.490393013865603,6,2
West Indies,0.25,-278,-16,16,4,1.568603452802729,7,1
Sri Lanka,0.29411764705882354,-192,-38,17,5,1.4611006955719321,8,1
Bangladesh,0.26666666666666666,-556,-5,15,4,1.0,9,1
