country,win_ratio,effective_win_by_runs,effective_win_by_wickets,matches_played,win_count,score,rank,country_quantile
India,0.72,361,55,25,18,10.0,1,4
South Africa,0.7222222222222222,728,27,18,13,8.662839713938808,2,4
England,0.7333333333333333,506,10,15,11,7.325930073207967,3,3
Pakistan,0.6875,134,35,16,11,7.256554212631874,4,3
New Zealand,0.5,-12,-4,16,8,5.136253405684116,5,2
Australia,0.45454545454545453,176,-11,11,5,4.155460768679217,6,2
Bangladesh,0.3,-284,-21,10,3,2.1656960941645207,7,1
Sri Lanka,0.13636363636363635,-789,-56,22,3,1.8461268490271734,8,1
West Indies,0.13333333333333333,-820,-35,15,2,1.0,9,1
