country,win_ratio,effective_win_by_runs,effective_win_by_wickets,matches_played,weighted_win_count,score,rank,country_quantile
India,0.75,728,78,28,28.0,10.0,1,4
South Africa,0.6842105263157895,789,42,19,30.75,8.000077895793941,2,4
England,0.7647058823529411,567,28,17,39.0,7.484192127333785,3,3
Pakistan,0.6666666666666666,388,46,18,18.666666666666664,6.170534954889801,4,3
New Zealand,0.5294117647058824,306,22,17,17.0,4.591783720463329,5,2
Australia,0.38461538461538464,216,7,13,10.0,2.571135028473075,6,2
Sri Lanka,0.13043478260869565,70,14,23,2.0,2.2738604315607907,7,1
Bangladesh,0.3,90,10,10,1.6666666666666665,1.2131559426860108,8,1
West Indies,0.11764705882352941,5,4,17,1.0,1.0,9,1
