country,win_ratio,effective_win_by_runs,effective_win_by_wickets,matches_played,win_count,score,rank
Sri Lanka,0.6538461538461539,137,6,26,17,3.2653908052825162,1
India,0.5882352941176471,153,26,17,10,3.0215926282492096,2
Australia,0.7333333333333333,209,6,15,11,2.835649460038813,3
West Indies,0.5454545454545454,319,0,11,6,2.4053083608388985,4
South Africa,0.5833333333333334,-25,19,12,7,2.328694515540836,5
New Zealand,0.5833333333333334,-77,2,12,7,1.9517802176933428,6
Pakistan,0.3076923076923077,-111,-7,13,4,1.425397668049996,7
England,0.2857142857142857,-263,-31,21,6,1.215008627574259,8
Bangladesh,0.0,-342,-21,9,0,0.175438596491228,9
