country,win_ratio,effective_win_by_runs,effective_win_by_wickets,matches_played,win_count,score,rank,country_quantile
New Zealand,0.6521739130434783,262,26,23,15,10.0,1,4
Australia,0.8,412,27,15,12,9.608316289776836,2,4
South Africa,0.6470588235294118,668,10,17,11,8.755428095637969,3,3
England,0.42857142857142855,121,-12,21,9,5.866094108111203,4,3
Bangladesh,0.5454545454545454,-105,11,11,6,5.420027945339237,5,2
India,0.4666666666666667,38,-12,15,7,4.719818317412372,6,2
Sri Lanka,0.3684210526315789,-234,-21,19,7,3.840944106838747,7,1
Pakistan,0.23529411764705882,-633,-17,17,4,2.1275240651848146,8,1
West Indies,0.25,-529,-12,8,2,1.0,9,1
