country,win_ratio,effective_win_by_runs,effective_win_by_wickets,matches_played,weighted_win_count,score,rank,country_quantile
Sri Lanka,0.6,616,43,30,42.33333333333333,10.0,1,5
India,0.6190476190476191,609,43,21,31.0,8.63618583076338,2,5
Australia,0.75,265,23,16,15.5,5.864459037147522,3,3
England,0.3333333333333333,204,23,24,7.166666666666666,5.057497865203703,4,3
New Zealand,0.6428571428571429,418,11,14,4.5,4.854479103705978,5,2
South Africa,0.5384615384615384,229,22,13,10.5,4.664920985568321,6,2
West Indies,0.5,610,3,12,4.75,4.546619035269417,7,1
Pakistan,0.3333333333333333,147,10,15,7.0,3.4215992389634255,8,1
Bangladesh,0.0,0,0,11,0.0,1.0,9,1
