country,win_ratio,effective_win_by_runs,effective_win_by_wickets,matches_played,win_count,score,rank,country_quantile
South Africa,0.7142857142857143,223,20,14,10,9.999999999999998,1,4
Australia,0.5925925925925926,-96,21,27,16,9.33316020624367,2,4
England,0.6153846153846154,278,10,13,8,8.935790280930103,3,3
New Zealand,0.5625,-2,-9,16,9,6.033170165605577,4,3
India,0.4,140,4,10,4,5.9472511386558455,5,2
Pakistan,0.42857142857142855,-44,-4,7,3,3.9577981986610635,6,2
West Indies,0.36363636363636365,-231,-4,11,4,3.0132776587259418,7,1
Bangladesh,0.16666666666666666,-131,-12,6,1,1.1864006918018097,8,1
Sri Lanka,0.2,-137,-26,10,2,1.0,9,1
