country,win_ratio,effective_win_by_runs,effective_win_by_wickets,matches_played,win_count,score,rank,country_quantile
India,0.8125,292,67,16,13,10.0,1,4
England,0.7894736842105263,398,28,19,15,9.902796228268521,2,4
Bangladesh,0.5384615384615384,321,-11,13,7,6.102671101526507,3,3
New Zealand,0.6,241,-6,10,6,5.472790979708862,4,3
South Africa,0.4166666666666667,-264,-8,12,5,3.380210941838719,5,2
Sri Lanka,0.3333333333333333,-121,-6,9,3,2.906082512047644,6,2
West Indies,0.3,-244,-26,10,3,2.00761001385664,7,1
Australia,0.15384615384615385,-341,-22,13,2,1.9331295929292132,8,1
Pakistan,0.125,-282,-16,8,1,1.0,9,1
