country,win_ratio,effective_win_by_runs,effective_win_by_wickets,matches_played,weighted_win_count,score,rank,country_quantile
New Zealand,0.6538461538461539,601,57,26,15.466666666666667,10.0,1,4
South Africa,0.5714285714285714,916,26,21,15.600000000000001,8.492026600114938,2,4
Sri Lanka,0.45454545454545453,310,33,22,39.16666666666667,8.16041512334615,3,3
England,0.43478260869565216,482,31,23,16.7,7.266790801339121,4,3
Australia,0.8,505,31,15,13.3,7.132983298564887,5,2
India,0.4375,449,4,16,27.5,5.520738622939158,6,2
Bangladesh,0.6153846153846154,173,37,13,4.7333333333333325,4.775773092293984,7,1
Pakistan,0.2777777777777778,164,19,18,1.4333333333333331,3.3537458303909613,8,1
West Indies,0.16666666666666666,131,0,12,1.5,1.0,9,1
