country,win_ratio,effective_win_by_runs,effective_win_by_wickets,matches_played,win_count,score,rank
South Africa,0.7142857142857143,223,20,14,10,3.2516207753845174,1
Australia,0.5925925925925926,-96,21,27,16,3.0430037109801353,2
England,0.6153846153846154,278,10,13,8,2.918688773452881,3
New Zealand,0.5625,-2,-9,16,9,2.01062045897946,4
India,0.4,140,4,10,4,1.9837411765092785,5
Pakistan,0.42857142857142855,-44,-4,7,3,1.3613520569660649,6
West Indies,0.36363636363636365,-231,-4,11,4,1.0658641389446197,7
Bangladesh,0.16666666666666666,-131,-12,6,1,0.4943359946495005,8
Sri Lanka,0.2,-137,-26,10,2,0.4360215906641122,9
