country,win_ratio,effective_win_by_runs,effective_win_by_wickets,matches_played,weighted_win_count,score,rank,country_quantile
England,0.7727272727272727,447,46,22,28.5,10.000000000000002,1,4
India,0.7647058823529411,421,75,17,29.0,9.871368852058247,2,4
Bangladesh,0.5384615384615384,403,13,13,6.333333333333333,5.097985921430424,3,3
New Zealand,0.6666666666666666,306,21,12,5.333333333333333,5.041952087438421,4,3
South Africa,0.42857142857142855,118,20,14,17.0,4.661960684137039,5,2
Sri Lanka,0.38461538461538464,461,10,13,2.8333333333333335,4.556830402876305,6,2
West Indies,0.3,46,4,10,2.25,1.7933354114031586,7,1
Australia,0.15384615384615385,7,3,13,1.1666666666666665,1.5837831417466806,8,1
Pakistan,0.1,0,6,10,1.5,1.0,9,1
