country,win_ratio,effective_win_by_runs,effective_win_by_wickets,matches_played,win_count,score,rank
India,0.6363636363636364,279,23,22,14,3.581206965077933,1
Australia,0.6818181818181818,494,-7,22,15,3.424137153169411,2
England,0.7058823529411765,331,24,17,12,3.1736080586080586,3
New Zealand,0.6666666666666666,-38,27,18,12,2.907311827956989,4
Pakistan,0.38095238095238093,11,-20,21,8,1.9791734609476546,5
South Africa,0.5,-51,12,14,7,1.7985702469573437,6
West Indies,0.25,-278,-16,16,4,0.8532234432234432,7
Sri Lanka,0.29411764705882354,-192,-38,17,5,0.8184408602150538,8
Bangladesh,0.26666666666666666,-556,-5,15,4,0.6692514474772538,9
