country,win_ratio,effective_win_by_runs,effective_win_by_wickets,matches_played,win_count,score,rank,country_quantile
Sri Lanka,0.6538461538461539,137,6,26,17,10.000000000000002,1,4
India,0.5882352941176471,153,26,17,10,9.289897239492236,2,4
Australia,0.7333333333333333,209,6,15,11,8.748306819701181,3,3
West Indies,0.5454545454545454,319,0,11,6,7.49486675620121,4,3
South Africa,0.5833333333333334,-25,19,12,7,7.2717161826354495,5,2
New Zealand,0.5833333333333334,-77,2,12,7,6.173890568706491,6,2
Pakistan,0.3076923076923077,-111,-7,13,4,4.640713798751434,7,1
England,0.2857142857142857,-263,-31,21,6,4.027920708005761,8,1
Bangladesh,0.0,-342,-21,9,0,1.0,9,1
