country,win_ratio,effective_win_by_runs,effective_win_by_wickets,matches_played,win_count,score,rank
India,0.72,361,55,25,18,3.7406976744186045,1
South Africa,0.7222222222222222,728,27,18,13,3.2625625625625623,2
England,0.7333333333333333,506,10,15,11,2.7845170752147497,3
Pakistan,0.6875,134,35,16,11,2.759710000698373,4
New Zealand,0.5,-12,-4,16,8,2.001543403868985,5
Australia,0.45454545454545453,176,-11,11,5,1.6508364601387855,6
Bangladesh,0.3,-284,-21,10,3,0.9393463230672532,7
Sri Lanka,0.13636363636363635,-789,-56,22,3,0.8250763448437866,8
West Indies,0.13333333333333333,-820,-35,15,2,0.5225225225225225,9
