country,win_ratio,effective_win_by_runs,effective_win_by_wickets,matches_played,win_count,score,rank
New Zealand,0.6521739130434783,262,26,23,15,3.405323664071116,1
Australia,0.8,412,27,15,12,3.2698949526005636,2
South Africa,0.6470588235294118,668,10,17,11,2.975,3
England,0.42857142857142855,121,-12,21,9,1.9759827605138902,4
Bangladesh,0.5454545454545454,-105,11,11,6,1.821750751170428,5
India,0.4666666666666667,38,-12,15,7,1.5796459988043385,6
Sri Lanka,0.3684210526315789,-234,-21,19,7,1.275766111088636,7
Pakistan,0.23529411764705882,-633,-17,17,4,0.6833333333333333,8
West Indies,0.25,-529,-12,8,2,0.293480175506021,9
